{"cameraMode":{"drawMode":0,"name":"Shaded","section":"Shading Mode"},"sceneLighting":true,"audioPlay":false,"sceneViewState":{"m_AlwaysRefresh":false,"showFog":true,"showSkybox":true,"showFlares":true,"showImageEffects":true,"showParticleSystems":true,"showVisualEffectGraphs":true,"m_FxEnabled":true},"in2DMode":false,"pivot":{"x":181.23548889160157,"y":26.766382217407228,"z":120.12631225585938},"rotation":{"x":-0.04376848787069321,"y":-0.03536098822951317,"z":0.0015498790889978409,"w":-0.998420000076294},"size":229.67881774902345,"orthographic":false}